material_id,Formula,Volume
117,O6Pb2Ti2,68.84871835536964
19,Ca2Cl6Rb2,159.69472989075544
82,F6Pd2Tl2,80.5577724808637
97,Cd2F6Rb2,90.76498849041701
56,Cs2F6Mn2,83.63443183265504
12,Cs2F6Hg2,101.12047020891482
132,F3KZn,70.59579541863486
65,Cl3PdRb,124.48196227313143
66,CsI3In,235.23478318238793
18,Ba2O6Ti2,67.31689600126406
51,Na2O6Ta2,62.907251006258925
78,Ag2Br6Rb2,158.76507348096735
94,AlLaO3,55.293044984269265
133,Ba2O6Pb2,83.49185829300305
100,Ca2Cs2F6,96.27119419943774
